"sensorId","accX","accY","accZ","orientationX","orientationY","orientationZ","timeFine"
"D4:22:CD:00:0C:D2","-0.019527656957507133","0.12620703876018524","0.005759239196777344","-144.33966334913046","-14.863068725167187","112.65471015713435","3404688294"
"D4:22:CD:00:0C:D2","-0.042446453124284744","0.01291614305227995","-0.008596420288085938","-144.42244681589824","-15.029302925982158","112.56787338442035","3404704961"
"D4:22:CD:00:0C:D2","0.157073512673378","0.00783468782901764","-0.05956840515136719","-144.5120107617012","-15.152978656257803","112.50174962751797","3404738295"
"D4:22:CD:00:0C:D2","0.17882578074932098","-0.035975415259599686","0.08846473693847656","-144.6870433694401","-15.143150015155944","112.54787084745111","3404771629"
"D4:22:CD:00:0C:D2","0.03524307534098625","0.0833827406167984","0.0077362060546875","-144.8334176660652","-15.076618772897085","112.59626911939654","3404804963"
"D4:22:CD:00:0C:D2","0.11238924413919449","-0.15931858122348785","-0.0650787353515625","-144.97608646220073","-15.068411702016043","112.61324099120228","3404838297"
"D4:22:CD:00:0C:D2","0.021593810990452766","-0.16639667749404907","-0.08099174499511719","-145.12058981290696","-15.115460324519562","112.72224885497573","3404871631"
"D4:22:CD:00:0C:D2","-0.021450761705636978","-0.031878646463155746","-0.33408260345458984","-145.32928833759004","-15.314755343417465","112.8281711051437","3404904965"
"D4:22:CD:00:0C:D2","-0.31281542778015137","-0.15224574506282806","-0.5103311538696289","-145.70460263506305","-15.8721483267464","113.0094533637789","3404938299"
"D4:22:CD:00:0C:D2","-0.9447072148323059","-0.5495836138725281","-1.2474384307861328","-146.16470663995463","-17.02050214942155","113.14875045214959","3404971633"
"D4:22:CD:00:0C:D2","-1.4843159914016724","-1.0521100759506226","-3.283536434173584","-147.0758676935671","-18.867575333598367","113.03081816690096","3405004967"
"D4:22:CD:00:0C:D2","-1.373903751373291","-1.2957124710083008","-5.582920074462891","-149.15410247988558","-21.735250445119224","113.05729296404537","3405038301"
"D4:22:CD:00:0C:D2","-0.3311595320701599","-0.67561274766922","-8.769448280334473","-152.5971728055066","-25.332338291615244","114.09648972742939","3405071635"
"D4:22:CD:00:0C:D2","1.0305981636047363","0.6779049634933472","-10.17882251739502","-158.19903682569046","-29.163931903454568","117.06559210524244","3405104969"
"D4:22:CD:00:0C:D2","2.1054534912109375","1.7790536880493164","-8.317384719848633","-166.1392682641528","-31.001250912041986","123.24232163292184","3405138303"
"D4:22:CD:00:0C:D2","1.7739883661270142","5.890453815460205","-4.269060134887695","-174.25874692146414","-32.102649679032524","129.7973534566682","3405171637"
"D4:22:CD:00:0C:D2","2.3282089233398438","3.675469398498535","-1.4797592163085938","178.4852748800344","-34.622223694237604","134.0898372139319","3405204971"
"D4:22:CD:00:0C:D2","0.5416210889816284","5.994577407836914","6.984893798828125","171.78266211553364","-34.527976913758856","138.58586841515333","3405238305"
"D4:22:CD:00:0C:D2","1.2770198583602905","2.014455556869507","4.182092666625977","168.40140709570437","-36.24369176905902","139.0804379646685","3405271639"
"D4:22:CD:00:0C:D2","1.1832150220870972","-4.181024074554443","0.6509933471679688","165.41880451655592","-36.63658567169317","139.8571781700117","3405304973"
"D4:22:CD:00:0C:D2","0.7411196231842041","-3.1308672428131104","1.011286735534668","163.16408765714743","-36.41715667545624","140.1064062811552","3405338307"
"D4:22:CD:00:0C:D2","-0.7790377736091614","-5.2951507568359375","3.3376550674438477","158.85014704828262","-39.26898791814201","141.25377715367142","3405371641"
"D4:22:CD:00:0C:D2","-4.0863752365112305","1.6465603113174438","19.228904724121094","153.54057448913935","-39.346151859924966","143.94504822946328","3405404975"
"D4:22:CD:00:0C:D2","-3.2969541549682617","-0.3071747422218323","18.126344680786133","153.23713107256154","-39.91653505364444","142.6911651693307","3405438309"
"D4:22:CD:00:0C:D2","0.9070770740509033","-5.575551986694336","6.854551315307617","157.0324132888156","-39.92315646638461","139.68457924366504","3405471643"
"D4:22:CD:00:0C:D2","0.4094466269016266","-4.519961833953857","1.6432771682739258","159.95931166234516","-39.66188408880232","139.07908768069805","3405504977"
"D4:22:CD:00:0C:D2","-1.3616899251937866","-2.924386739730835","3.030284881591797","162.1989478439692","-40.11747563148201","138.8342949985247","3405538311"
"D4:22:CD:00:0C:D2","-0.4647220969200134","-2.114741802215576","4.914665222167969","163.8529124221655","-41.87331550801488","137.73644972164502","3405571645"
"D4:22:CD:00:0C:D2","-0.1350170224905014","-2.058150053024292","11.28089714050293","164.7843285154189","-41.1111155300404","137.02983922864982","3405604979"
"D4:22:CD:00:0C:D2","2.168278694152832","0.8211126327514648","13.313508987426758","168.6648926341262","-40.01751108028825","134.29909210828157","3405638313"
"D4:22:CD:00:0C:D2","3.453657865524292","1.5076879262924194","9.204090118408203","175.8526024866422","-37.987400272833895","129.59234935418513","3405671647"
"D4:22:CD:00:0C:D2","5.060371398925781","6.049708843231201","-0.780975341796875","-172.85972412030046","-34.085156167883376","124.49647800201215","3405704981"
"D4:22:CD:00:0C:D2","2.9575345516204834","5.5027313232421875","-14.332975387573242","-159.63708360353314","-28.24367975962753","121.08308941360103","3405738315"
"D4:22:CD:00:0C:D2","-1.5000228881835938","2.224895715713501","-20.013050079345703","-147.1267817148703","-20.168362975154476","120.36943266959871","3405771649"
"D4:22:CD:00:0C:D2","-3.048081874847412","-2.446352958679199","-16.3090877532959","-138.7768544408181","-12.633047460703006","120.66072156563457","3405804983"
"D4:22:CD:00:0C:D2","-2.571943521499634","-8.716547966003418","-9.328530311584473","-136.12639869607946","-9.63775780677811","118.0019803465651","3405838317"
"D4:22:CD:00:0C:D2","-1.8915257453918457","-0.6983150243759155","-6.613916397094727","-137.58394812652043","-12.695409668476918","117.72333244220523","3405871651"
"D4:22:CD:00:0C:D2","-0.940044105052948","8.321211814880371","-1.6668338775634766","-140.08547635019355","-16.15308888577823","119.21601687592337","3405904985"
"D4:22:CD:00:0C:D2","-0.26657047867774963","4.885622978210449","-1.2582969665527344","-141.6121476173557","-17.991872808706454","118.14091449829046","3405938319"
"D4:22:CD:00:0C:D2","0.2703244984149933","-0.14379455149173737","-4.545839786529541","-143.15266757727974","-19.819691296992527","116.57225032174014","3405971653"
"D4:22:CD:00:0C:D2","-0.33801594376564026","-0.3633444011211395","-8.879559516906738","-145.44606438840182","-22.204863423197583","117.16814976391572","3406004987"
"D4:22:CD:00:0C:D2","0.47013911604881287","2.8501126766204834","-11.494211196899414","-148.44790809910882","-24.17618664001344","118.19679154817733","3406038321"
"D4:22:CD:00:0C:D2","0.7610350847244263","3.233180522918701","-9.909317970275879","-152.59252395799297","-27.567997813802194","117.87937662921522","3406071655"
"D4:22:CD:00:0C:D2","0.12038306891918182","1.3813244104385376","-5.578943252563477","-156.98356572684347","-31.94710458737434","117.72525884729924","3406104989"
"D4:22:CD:00:0C:D2","-0.24091723561286926","2.001246929168701","-2.331874370574951","-161.02781152586292","-36.58875561935199","117.75655941459017","3406138323"
"D4:22:CD:00:0C:D2","-0.5168108940124512","-1.0894027948379517","5.392647743225098","-166.6055302580932","-41.47795855939738","117.99087234525341","3406171657"
"D4:22:CD:00:0C:D2","-0.21452774107456207","-1.9018723964691162","13.311969757080078","-171.09033548549073","-45.56816272905359","117.36112654394724","3406204991"
"D4:22:CD:00:0C:D2","-1.1673781871795654","-5.1272101402282715","14.83059310913086","-175.18756466610643","-49.30186697539046","116.9849904264402","3406238325"
"D4:22:CD:00:0C:D2","-0.12446095794439316","-3.8250250816345215","16.143108367919922","-178.9944456475534","-50.915466672608495","117.74813089300524","3406271659"
"D4:22:CD:00:0C:D2","-0.021676287055015564","-2.4924652576446533","12.465377807617188","-179.52962329744864","-51.444197485774744","117.61535130639497","3406304993"
"D4:22:CD:00:0C:D2","-0.2171964794397354","-1.9529249668121338","5.768699645996094","-177.20558097880215","-51.10562686043067","116.48745523657395","3406338327"
"D4:22:CD:00:0C:D2","-0.4249993860721588","-1.227453589439392","0.4722738265991211","-174.1018832834623","-50.56861014628923","115.36262431533436","3406371661"
"D4:22:CD:00:0C:D2","-1.4103425741195679","-0.625512421131134","-0.4992256164550781","-172.64460882386987","-49.690906968808534","115.84453097702375","3406404995"
"D4:22:CD:00:0C:D2","-1.431274175643921","0.06349913775920868","2.588926315307617","-172.83773929529303","-48.501258078019056","117.40623718432907","3406438329"
"D4:22:CD:00:0C:D2","-0.6575871706008911","-0.12567038834095","6.3513336181640625","-173.23781086908434","-47.53892700038325","118.39353486069058","3406471663"
"D4:22:CD:00:0C:D2","0.34452733397483826","-0.1313183307647705","8.047996520996094","-172.48540697198945","-45.862461505494316","118.11354460135877","3406504997"
"D4:22:CD:00:0C:D2","1.5638517141342163","1.8209962844848633","9.024309158325195","-169.98150832009122","-42.80037458542331","117.25243190267174","3406538331"
"D4:22:CD:00:0C:D2","2.7886476516723633","3.434062957763672","6.620473861694336","-165.0928449101642","-38.87887014487502","115.20874466784089","3406571665"
"D4:22:CD:00:0C:D2","4.3956427574157715","4.300726413726807","0.5444879531860352","-157.15114435142382","-34.16241609823578","111.85165593684117","3406604999"
"D4:22:CD:00:0C:D2","0.8623087406158447","-1.4738624095916748","-12.401670455932617","-148.19096368513823","-28.425028167295594","110.5685271518722","3406638333"
"D4:22:CD:00:0C:D2","-0.7873134613037109","1.8581286668777466","-11.903114318847656","-140.6545466931581","-21.064146942073297","116.2954086561778","3406671667"
"D4:22:CD:00:0C:D2","-4.7466139793396","-0.6612311005592346","-13.555606842041016","-133.30054466281322","-15.389605998314027","120.85658906759316","3406705001"
"D4:22:CD:00:0C:D2","-2.1647517681121826","-1.6335448026657104","-9.717728614807129","-129.2084574439296","-10.457581360004337","120.57312631443979","3406738335"
"D4:22:CD:00:0C:D2","0.048933133482933044","-7.578348159790039","-4.884529113769531","-128.82102943481524","-8.273101357297802","116.74525748792158","3406771669"
"D4:22:CD:00:0C:D2","-0.08015085011720657","-3.1952016353607178","-1.529693603515625","-129.77614089670038","-10.322207099386626","116.78217796895166","3406805003"
"D4:22:CD:00:0C:D2","-0.5233321189880371","2.6167404651641846","-0.9461297988891602","-131.4785119690214","-14.322385522399443","118.43159761290751","3406838337"
"D4:22:CD:00:0C:D2","-0.29689985513687134","3.7974600791931152","0.06963253021240234","-133.48473352834907","-17.45606802967552","118.60389165558985","3406871671"
"D4:22:CD:00:0C:D2","0.10880431532859802","1.6103837490081787","-2.820220947265625","-134.67102224195327","-20.163256880724195","116.56455901408219","3406905005"
"D4:22:CD:00:0C:D2","-0.0792609378695488","1.4453558921813965","-7.132888317108154","-135.03781981083722","-22.791406820091304","113.64525405679716","3406938339"
"D4:22:CD:00:0C:D2","0.5393998622894287","0.5694900155067444","-9.85501480102539","-135.97910227340995","-25.673085859237027","109.69264418945876","3406971673"
"D4:22:CD:00:0C:D2","-0.5321858525276184","0.34947386384010315","-9.546854972839355","-137.98193508338346","-29.548590437306146","106.79029905965157","3407005007"
"D4:22:CD:00:0C:D2","-1.2550978660583496","1.3588989973068237","-8.256815910339355","-140.31356713176726","-33.99917561035939","105.96398394656102","3407038341"
"D4:22:CD:00:0C:D2","-0.1896679550409317","2.7898354530334473","-2.6237711906433105","-143.5139151747833","-38.36534514215105","106.0603004663761","3407071675"
"D4:22:CD:00:0C:D2","0.13068892061710358","2.529228925704956","2.941950798034668","-147.33904509041568","-44.023198513258016","105.48521506281102","3407105009"
"D4:22:CD:00:0C:D2","-1.4564175605773926","1.187527060508728","5.430353164672852","-151.66760478863867","-47.4782623680586","105.50610692233464","3407138343"
"D4:22:CD:00:0C:D2","-2.2698161602020264","-1.1671922206878662","8.216497421264648","-152.2384546390607","-50.49977822703709","101.29830650074697","3407171677"
"D4:22:CD:00:0C:D2","-2.0398521423339844","-1.5900421142578125","6.0833845138549805","-153.2966039687861","-53.45988577995736","97.25990260826552","3407205011"
"D4:22:CD:00:0C:D2","1.5705995559692383","-1.0250214338302612","13.663503646850586","-159.28044276231884","-55.06630665117227","97.5930354294575","3407238345"
"D4:22:CD:00:0C:D2","1.2507847547531128","-3.6834299564361572","15.60539436340332","-165.50564137922265","-56.33421271407915","99.12248281105707","3407271679"
"D4:22:CD:00:0C:D2","0.769250214099884","-4.441141605377197","10.667669296264648","-164.9041600711525","-54.68934796573419","98.30196028626648","3407305013"
"D4:22:CD:00:0C:D2","1.2729198932647705","-3.2151694297790527","4.299428939819336","-160.4511108185697","-53.32870090709289","96.04016261470608","3407338347"
"D4:22:CD:00:0C:D2","0.21013659238815308","-2.306786298751831","4.407888412475586","-160.35348225924858","-52.37812893294249","98.29275921675836","3407371681"
"D4:22:CD:00:0C:D2","0.908883273601532","-2.042295217514038","8.28231430053711","-161.78445819019635","-51.09394529867424","101.91770055510442","3407405015"
"D4:22:CD:00:0C:D2","0.28998637199401855","-1.939422845840454","5.637066841125488","-158.79138834127997","-49.117247359073595","102.00562293562562","3407438349"
"D4:22:CD:00:0C:D2","0.493734747171402","-0.4646289050579071","2.2327089309692383","-153.79654328945415","-46.47042165255867","100.4928902219122","3407471683"
"D4:22:CD:00:0C:D2","-0.3241337835788727","-0.18133270740509033","-0.9998197555541992","-149.959753086942","-43.88932629521364","99.21006030331814","3407505017"
"D4:22:CD:00:0C:D2","1.2830437421798706","1.5871200561523438","0.1880483627319336","-148.1330362489096","-40.73585830508883","99.35793213890427","3407538351"
"D4:22:CD:00:0C:D2","4.169605731964111","2.7371904850006104","2.494441032409668","-146.88781987891872","-37.071262998361085","99.51354403052535","3407571685"
"D4:22:CD:00:0C:D2","2.219261407852173","0.7901951670646667","-5.60509729385376","-139.94410025320883","-31.4723822870259","96.55838102306605","3407605019"
"D4:22:CD:00:0C:D2","-1.2684473991394043","2.250302314758301","-15.289934158325195","-132.53365944830026","-24.076188232561428","99.1683340400665","3407638353"
"D4:22:CD:00:0C:D2","-4.6998066902160645","1.5153684616088867","-12.710766792297363","-128.06118357633986","-18.5956698702117","103.61490579034233","3407671687"
"D4:22:CD:00:0C:D2","-4.108846187591553","0.4366272985935211","-7.36552619934082","-126.55516117153545","-14.80312907083833","104.04484831513548","3407705021"
"D4:22:CD:00:0C:D2","-3.3861424922943115","-2.468780279159546","-5.834423065185547","-126.42792264526682","-14.523519090387232","101.14563882331173","3407738355"
"D4:22:CD:00:0C:D2","-1.5266937017440796","2.6903512477874756","-4.1600446701049805","-128.04714804043542","-17.851764411917035","101.85206126706157","3407771689"
"D4:22:CD:00:0C:D2","-1.8018486499786377","3.36824893951416","-5.5963664054870605","-130.61530938604594","-21.586018799197472","103.74104963341206","3407805023"
"D4:22:CD:00:0C:D2","0.4063112437725067","4.382328987121582","-9.779436111450195","-133.58915976722923","-24.610183811498754","104.48640223236049","3407838357"
"D4:22:CD:00:0C:D2","0.6816709637641907","4.539060592651367","-12.773502349853516","-134.19022260331008","-27.778596869810695","102.17841908742058","3407871691"
"D4:22:CD:00:0C:D2","-0.48185259103775024","3.5281059741973877","-14.041732788085938","-133.06426861165437","-32.00289562959062","98.99041635396921","3407905025"
"D4:22:CD:00:0C:D2","-0.6069896817207336","5.128789901733398","-8.287385940551758","-134.81164377019223","-36.873143762215086","98.49726136605148","3407938359"
"D4:22:CD:00:0C:D2","1.0417017936706543","4.545454502105713","0.04826641082763672","-136.7384135779145","-42.29588007738901","95.71768682543208","3407971693"
"D4:22:CD:00:0C:D2","2.129913091659546","0.6084089875221252","11.817312240600586","-141.01326552329553","-49.03120279222113","92.51942142907647","3408005027"
"D4:22:CD:00:0C:D2","1.5106114149093628","-2.8408241271972656","20.000247955322266","-150.06203144433243","-53.37674441389535","92.33566756498932","3408038361"
"D4:22:CD:00:0C:D2","1.628050446510315","-1.8386712074279785","28.40857696533203","-160.07972776766155","-50.97684673214638","95.0556688147586","3408071695"
"D4:22:CD:00:0C:D2","0.7914718985557556","-8.061634063720703","18.30698013305664","-158.83217061690831","-44.59517782571605","91.5367663196271","3408105029"
"D4:22:CD:00:0C:D2","-1.205361008644104","-11.714295387268066","1.6505603790283203","-157.47688611832345","-37.167645384748646","92.58287552428638","3408138363"
"D4:22:CD:00:0C:D2","-1.6697078943252563","-5.218805313110352","-0.05698394775390625","-159.79313692793127","-33.51691965831537","99.56221507183567","3408171697"
"D4:22:CD:00:0C:D2","-3.080950975418091","-1.7250032424926758","-0.4038715362548828","-160.62334899544663","-32.56453328931437","104.49957221907883","3408205031"
"D4:22:CD:00:0C:D2","-2.771794319152832","0.12508521974086761","1.970606803894043","-161.45490523186965","-32.89188555499141","107.8866807342987","3408238365"
"D4:22:CD:00:0C:D2","-2.3401713371276855","-1.0352280139923096","4.155220031738281","-163.79729587383667","-33.66542390893988","110.80707155199495","3408271699"
"D4:22:CD:00:0C:D2","0.8422021865844727","0.3093861937522888","7.283622741699219","-166.25083734079885","-34.228651541558136","112.91850543789461","3408305033"
"D4:22:CD:00:0C:D2","2.457954168319702","0.7654868364334106","10.707132339477539","-169.76472794682124","-34.740574628037905","115.40203191200901","3408338367"
"D4:22:CD:00:0C:D2","2.6516294479370117","2.719815254211426","12.022424697875977","-168.33312342502083","-32.23213742901545","116.22447158504909","3408371701"
"D4:22:CD:00:0C:D2","5.96420431137085","8.09951400756836","2.8864707946777344","-156.99015235806723","-27.52974916334058","111.90144321307899","3408405035"
"D4:22:CD:00:0C:D2","1.7793549299240112","-1.3095239400863647","-18.75133514404297","-142.85210548820822","-21.924463742850406","106.27958678211321","3408438369"
"D4:22:CD:00:0C:D2","-2.143413782119751","-0.614321768283844","-17.046674728393555","-134.53415469673607","-14.147512111926252","111.82112258324057","3408471703"
"D4:22:CD:00:0C:D2","-4.870174884796143","-0.5725666284561157","-15.068534851074219","-129.27524549236844","-9.869587377743771","116.93219936614112","3408505037"
"D4:22:CD:00:0C:D2","-1.4473180770874023","-0.40026766061782837","-9.523139953613281","-128.44590213949976","-7.5812678926862045","114.55185018406657","3408538371"
"D4:22:CD:00:0C:D2","-0.7222956418991089","-4.978819847106934","-6.657962799072266","-129.56569323112677","-8.454773525768777","109.80537764777165","3408571705"
"D4:22:CD:00:0C:D2","0.12062010914087296","0.23787875473499298","-5.346994400024414","-130.85656089548294","-11.883434189769948","108.91752849960913","3408605039"
"D4:22:CD:00:0C:D2","-0.8531845808029175","1.9098773002624512","-5.904034614562988","-133.16084097545456","-16.06643821615553","109.60375234120728","3408638373"
"D4:22:CD:00:0C:D2","-0.21684667468070984","3.9884698390960693","-7.944869041442871","-136.26892539766845","-20.21737689276056","109.80805022043224","3408671707"
"D4:22:CD:00:0C:D2","0.5811254978179932","5.078403949737549","-9.131474494934082","-139.64197612641655","-25.76775392485291","108.56340839902624","3408705041"
"D4:22:CD:00:0C:D2","0.8173719048500061","4.906499862670898","-7.279977798461914","-144.1113461806522","-31.96403397548892","108.07767758996847","3408738375"
"D4:22:CD:00:0C:D2","1.6679528951644897","5.832839488983154","-4.222754001617432","-148.44570496448307","-37.72542152833012","107.59072485722837","3408771709"
"D4:22:CD:00:0C:D2","4.019252777099609","4.569658279418945","3.088973045349121","-153.1856684734446","-44.15229006561486","105.94731121642032","3408805043"
"D4:22:CD:00:0C:D2","1.184807300567627","-1.0505578517913818","6.730051040649414","-159.59096953796202","-50.29804580336506","104.83479458381389","3408838377"
"D4:22:CD:00:0C:D2","-1.331203818321228","-4.0536723136901855","11.3106689453125","-162.57376330527543","-52.38382441076938","102.80964267661135","3408871711"
"D4:22:CD:00:0C:D2","0.08771900087594986","-2.9042983055114746","14.079500198364258","-162.80630143932774","-52.85702829974713","98.576759354132","3408905045"
"D4:22:CD:00:0C:D2","-1.1995842456817627","-4.061305999755859","18.819772720336914","-164.08842707275608","-51.896575042911984","95.49881605793747","3408938379"
"D4:22:CD:00:0C:D2","-4.05009126663208","-5.9930739402771","11.06338119506836","-161.251826905814","-50.37974113494179","91.97469473293386","3408971713"
"D4:22:CD:00:0C:D2","-2.9434802532196045","-4.2790608406066895","3.3705520629882812","-156.09755684830645","-48.06253237360409","89.97147371150427","3409005047"
"D4:22:CD:00:0C:D2","-2.9337644577026367","-2.218832492828369","-1.5232019424438477","-153.16937049289143","-46.65655185571956","90.88621537033434","3409038381"
"D4:22:CD:00:0C:D2","-2.4413046836853027","-0.681438684463501","-0.9389572143554688","-153.50154762093203","-45.62343164751162","94.13402000713027","3409071715"
"D4:22:CD:00:0C:D2","-0.995593786239624","-0.26928573846817017","1.3337717056274414","-154.98033322017045","-46.293450955188774","96.40042873272054","3409105049"
"D4:22:CD:00:0C:D2","-0.09449993818998337","-1.1053553819656372","4.35026741027832","-157.63502292914578","-48.598494995182705","98.04534654213973","3409138383"
"D4:22:CD:00:0C:D2","1.2678660154342651","-2.199784994125366","8.340621948242188","-161.62674800626297","-50.33449919227781","100.5202684298123","3409171717"
"D4:22:CD:00:0C:D2","-0.3208644688129425","-2.442251682281494","8.29765510559082","-163.4693460857209","-48.70826601029904","103.38266149456548","3409205051"
"D4:22:CD:00:0C:D2","1.6733015775680542","1.9818456172943115","4.875363349914551","-160.0028291039548","-43.74994845108332","104.03803678471775","3409238385"
"D4:22:CD:00:0C:D2","3.0648629665374756","3.6948354244232178","-0.9803714752197266","-153.53319729123484","-39.145674668572795","101.07046609746418","3409271719"
"D4:22:CD:00:0C:D2","3.030304431915283","3.5050365924835205","-4.681734561920166","-146.92808329238315","-34.03754739895199","97.55500343037842","3409305053"
"D4:22:CD:00:0C:D2","3.1452434062957764","3.8417930603027344","-5.510114669799805","-141.89048726480925","-28.19243712726981","96.32428834500736","3409338387"
"D4:22:CD:00:0C:D2","0.7961428761482239","1.8938498497009277","-8.375946998596191","-136.31990193499146","-20.683874277063776","97.51984434022367","3409371721"
"D4:22:CD:00:0C:D2","-2.190598726272583","1.7796045541763306","-9.626434326171875","-130.12298590275125","-12.92358709015405","101.37125137653229","3409405055"
"D4:22:CD:00:0C:D2","-1.4556927680969238","-0.7664033770561218","-8.902527809143066","-125.48863298007919","-6.432399244039944","103.3631917586511","3409438389"
"D4:22:CD:00:0C:D2","-2.8364975452423096","-8.131982803344727","-4.2573394775390625","-124.2280348874704","-3.5706851362255474","101.92729821195061","3409471723"
"D4:22:CD:00:0C:D2","-1.2450100183486938","-3.181190013885498","-3.23636531829834","-125.13057053639433","-6.468745681515016","102.82138873514516","3409505057"
"D4:22:CD:00:0C:D2","-0.6354848742485046","3.120682954788208","-2.9500255584716797","-126.77243825563303","-11.053791409270694","104.73889990513727","3409538391"
"D4:22:CD:00:0C:D2","-0.9543330669403076","2.6872212886810303","-4.02509069442749","-128.68032646094568","-14.50728815338341","104.83880918079419","3409571725"
"D4:22:CD:00:0C:D2","-1.4075218439102173","0.29599183797836304","-7.018654823303223","-130.6491023672401","-17.97080038048329","103.53985546703757","3409605059"
"D4:22:CD:00:0C:D2","-0.7011330723762512","2.2361667156219482","-11.486538887023926","-132.67146609368046","-21.4555671796289","103.21820608866857","3409638393"
"D4:22:CD:00:0C:D2","0.3752290904521942","5.793041706085205","-12.266347885131836","-135.70973359252108","-25.728321852937572","102.68357663724888","3409671727"
"D4:22:CD:00:0C:D2","-0.031357526779174805","5.744451522827148","-9.657506942749023","-139.580981467101","-30.822192787346218","101.8781131206591","3409705061"
"D4:22:CD:00:0C:D2","1.446911096572876","6.037456512451172","-7.152615547180176","-143.37036291101165","-36.30077556389499","101.42150979306601","3409738395"
"D4:22:CD:00:0C:D2","1.352465033531189","3.8353326320648193","-5.145520210266113","-151.0432267945575","-43.17176797187777","102.62881487417984","3409771729"
"D4:22:CD:00:0C:D2","-0.1786816269159317","-0.7644451260566711","6.906156539916992","-162.60461405747668","-46.48159440482743","105.6725167379408","3409805063"
"D4:22:CD:00:0C:D2","0.08958578109741211","-5.2316813468933105","28.306915283203125","-172.77976803155454","-47.56425206773847","105.25055770780965","3409838397"
"D4:22:CD:00:0C:D2","-1.3141318559646606","-7.224264621734619","35.980377197265625","-175.40353850950993","-44.09801551041907","102.15574718709212","3409871731"
"D4:22:CD:00:0C:D2","-3.1367340087890625","-10.048407554626465","18.569974899291992","-171.97795911598757","-42.34166035098879","98.70138429739023","3409905065"
"D4:22:CD:00:0C:D2","-2.2070884704589844","-5.3597307205200195","1.5969829559326172","-169.62782866925107","-40.8299460440611","99.95958920592768","3409938399"
"D4:22:CD:00:0C:D2","-3.290841817855835","-3.749591588973999","0.6793308258056641","-169.7883033346962","-41.04345458533115","103.28381643210562","3409971733"
"D4:22:CD:00:0C:D2","-1.8105987310409546","-2.4522299766540527","1.2860965728759766","-170.20006139873098","-42.494567596775","105.45724062373232","3410005067"
"D4:22:CD:00:0C:D2","0.6326319575309753","-2.2193496227264404","5.280816078186035","-170.83295604123083","-42.83386317066702","107.32423801213923","3410038401"
"D4:22:CD:00:0C:D2","2.5213146209716797","-1.9067926406860352","5.77780818939209","-170.19088216513074","-42.398992733312575","107.54364030780737","3410071735"
"D4:22:CD:00:0C:D2","3.1067941188812256","1.8868746757507324","7.301916122436523","-170.18335214312117","-40.313440014824224","109.52255579720061","3410105069"
"D4:22:CD:00:0C:D2","3.412182331085205","7.518857955932617","5.846469879150391","-165.4311756396279","-35.14798235430697","111.15337308001781","3410138403"
"D4:22:CD:00:0C:D2","1.6522526741027832","7.829226016998291","-8.893168449401855","-155.1809986754226","-29.780088367097406","109.75681074143843","3410171737"
"D4:22:CD:00:0C:D2","-3.563567638397217","1.1506844758987427","-19.23975944519043","-143.946824085356","-21.154254392542732","110.73313694465347","3410205071"
"D4:22:CD:00:0C:D2","-6.055815696716309","0.2057226598262787","-19.56212043762207","-135.76015028401284","-13.324132739594326","115.99993770115576","3410238405"
"D4:22:CD:00:0C:D2","-2.226383686065674","-7.924315452575684","-9.737142562866211","-134.87135480191142","-9.936324005110317","110.34272271514128","3410271739"
"D4:22:CD:00:0C:D2","-0.49450060725212097","-5.603914260864258","-2.788851261138916","-138.59893148382653","-13.317475185522142","108.05712994579301","3410305073"
"D4:22:CD:00:0C:D2","2.7492380142211914","9.359567642211914","0.6609125137329102","-141.36514773298342","-17.897009230799178","112.20391205083364","3410338407"
"D4:22:CD:00:0C:D2","0.49812498688697815","8.12671947479248","7.530097961425781","-142.98568933302056","-18.817608781651273","113.1828326989202","3410371741"
"D4:22:CD:00:0C:D2","-0.34966880083084106","1.0209152698516846","3.3763160705566406","-141.78756378312383","-17.304379996437525","111.49123764834782","3410405075"
"D4:22:CD:00:0C:D2","-1.1575946807861328","-1.779833436012268","-1.3410425186157227","-140.6595299899688","-15.805552723263252","111.63163191700077","3410438409"
"D4:22:CD:00:0C:D2","-1.242543339729309","-0.23493815958499908","-2.310368061065674","-140.61906342424822","-15.201289992574717","112.59260360499151","3410471743"
"D4:22:CD:00:0C:D2","-0.30053529143333435","0.21170152723789215","-1.7845478057861328","-141.02285226012862","-15.095497476119442","112.54948445196324","3410505077"
"D4:22:CD:00:0C:D2","-0.21574275195598602","-0.4221758544445038","0.11743640899658203","-141.33804669224745","-14.90751532243938","112.30388874685559","3410538411"
"D4:22:CD:00:0C:D2","-0.597213625907898","-0.5116446018218994","1.1331167221069336","-141.51397564606728","-14.65185644715438","112.57911250212192","3410571745"
"D4:22:CD:00:0C:D2","-0.37042152881622314","0.051352884620428085","1.007918357849121","-141.50018731150575","-14.18735991794144","112.78018787083685","3410605079"
"D4:22:CD:00:0C:D2","-0.1552404761314392","-0.18305309116840363","0.2036285400390625","-141.21783979477024","-13.499008548749615","112.35494685965116","3410638413"
